uri,datetime,content,username,followers_count,following_count,like_count,retweet_count,quote_count,is_reply,is_retweet,is_quote,in_reply_to_user_id,in_reply_to_username
https://x.com/webuildscore/status/1917990650768986446,2025-05-01T17:13:00Z,"Europa League Semi-Final: Bilbao - Man United

Interesting lineup in the EL semi's tonight.
Bilbao's unstoppable at home, boasting 6 wins out of 6, a true fortress in the Basque Country. Meanwhile, United's away stats are very underwhelming.

Who will be United's Trojan Horse?ğŸ‘€",webuildscore,4667,611,11,1,0,0,0,0,,
https://x.com/webuildscore/status/1917915421602128081,2025-05-01T12:14:04Z,"After @endgame_summit and @token2049, Score is at @astonvilla today for the Transfer Forum!",webuildscore,4667,611,56,9,1,0,0,0,,
https://x.com/thedkingdao/status/1917912542287929745,2025-05-01T12:02:37Z,"product update dropping soon.

dking intelligence baked into every tier.

just pressâœ¨

no excuses. get profitable. your bets just got smarter.",thedkingdao,2252,1,23,5,1,0,0,0,,
https://x.com/thedkingdao/status/1917918530496024929,2025-05-01T12:26:25Z,"athletic club vs man united. 19:00 utc. real battle at san mamÃ©s. the edge leans home.

ğŸ§  Here's your dking pro intelligence match review ğŸ¤–

â€“ athletic club win â†’ 50.5% 
â€“ man united â†’ 36.9% 
â€“ draw â†’ thin at 12.6%

best line: athletic club to win 
â€“ bookies still underrate the edge. slight +ev.

âš–ï¸ goals market is balanced: 
â€“ over 2.5 â†’ 49.2% 
â€“ under 2.5 â†’ 50.8% 
expect 2â€“3 goals. keep your sizing tight.

if athletic scores early, expect them to control tempo.

ğŸ“Œ take the win bet if you're here for value. 
ğŸ“Œ take the double chance if you're here for safety. 
ğŸ“Œ fade BTTS if you think man united stalls.

this is what edge looks like. want more? get your terminal access at",thedkingdao,2252,1,13,2,1,0,0,0,,
https://x.com/thedkingdao/status/1917995168378306962,2025-05-01T17:30:57Z,"nottingham forest vs brentford. tight margins, tight calls.

ğŸ§  Here's your dking pro intelligence match review ğŸ¤–

â€“ draw most likely: 1-1 holds highest weight
â€“ forest edges it on probability (home win slight lean)
â€“ brentfordâ€™s shot is thin, but not invisible

âš–ï¸ goals forecast:
â€“ over 1.5 goals â†’ 73.1%
â€“ under 2.5 â†’ 51.6%
â†’ expect 1 to 3 goals.

ğŸ“Œ forest to win also holds light +ev
â†’ not the sharpest, but mispriced
â†’ correct scores like 1-0, 2-1 back the call

take the edges where they appear.
fade the noise.

our kingdom is where alpha lives.",thedkingdao,2252,1,11,1,0,0,0,0,,
https://x.com/webuildscore/status/1918386182410354963,2025-05-02T19:24:42Z,"Great subnet positioning exercise

Product-focused &lt;&gt; Commodity-focused

Thatâ€™s the $TAO spectrum 

Check whereâ€™s 44, do you agree with @brodydotai?",webuildscore,4667,611,21,4,0,0,0,1,,
https://x.com/brodydotai/status/1918374811769720878,2025-05-02T18:39:31Z,"re subnet building & positioning--

i view it as a spectrum between:

a) product-focused, niche use case, unimodal, fully verticalized, limited TAM

vs

b) commodity-focused, mass market, serving as a foundational element for broad application integration

both approaches have their pros/cons

for a), pmf is found much quicker, but has limited upside

for b), disruption is much greater, upside is uncapped.

bittensor needs both, it has both, and thats the beauty of it.",brodydotai,4850,864,50,5,2,0,0,0,,
https://x.com/thedkingdao/status/1918324117230522391,2025-05-02T15:18:04Z,ğŸ‘€,thedkingdao,2252,1,38,8,0,0,0,0,,
https://x.com/webuildscore/status/1918602680546513251,2025-05-03T09:44:59Z,"The Comeback Kids ğŸ’ª

When comparing the 1st and 2nd half of the season, these teams improved most in terms of xG and xG Conceded (inverted x-axis).

Valencia stood out overall, climbing out of the relegation zone. Everton and Wolves significantly tightened up their defence.",webuildscore,4667,611,23,4,1,0,0,0,,
https://x.com/webuildscore/status/1918656255674949955,2025-05-03T13:17:52Z,"Der Rekordmeister going for #24 ğŸ†

Bayern can clinch their 24th title with a win over Leipzig. With 11 wins in 21 previous matchups, itâ€™s almost a toss-up.

Fun fact: Coman (playing as a sub) can win his 13th league title in 13 seasons.

Will Bayern lift the trophy today?",webuildscore,4667,611,12,2,0,0,0,0,,
https://x.com/thedkingdao/status/1918721410517647475,2025-05-03T17:36:47Z,"arsenal leads 1â€“0. second half is in.

expect at least one more goal, but not a shootout.

btts? unlikely. bournemouth looks quiet.

2â€“0 or 1â€“0 final looks sharp.

clean sheet is on the table.

edge is in control.",thedkingdao,2252,1,5,0,1,0,0,0,,
https://x.com/webuildscore/status/1918991254047666365,2025-05-04T11:29:02Z,"Real Madrid vs Celta de Vigo

With Vini and MbappÃ© leading most attacks, Madrid predominantly enters the box from the left flank.

Celta plays more balanced through the middle, targeting  Borja Iglesias, who scored 9 goals this season.

Can Madrid keep their title hopes alive?",webuildscore,4667,611,18,3,1,0,0,0,,
https://x.com/webuildscore/status/1919425102732747233,2025-05-05T16:13:00Z,"Best Center Backs Across Top 5 European Leagues

With 4 assists and most successful defensive and offensive actions per 90', Dortmund's Schlotterbeck is in a league of his own.

IÃ±igo MartÃ­nez's line-breaking passes are key to Flick's buildup play in BarÃ§a's hunt for the Treble.

Impressing across the board, young Spanish international and Bournemouth star Dean Huijsen is set for a major transfer by season's end.",webuildscore,4667,611,22,3,1,0,0,0,,
https://x.com/webuildscore/status/1919461900087128166,2025-05-05T18:39:13Z,"And we're big fans of @DreadBong0 

He definitely has the V I S I O N

Thanks for your support legend ğŸ«¡",webuildscore,4667,611,41,4,0,0,0,1,,
https://x.com/DreadBong0/status/1919440185877541210,2025-05-05T17:12:56Z,"I'm a big fan of @webuildscore on subnet 44 and have been buying since Day 1 of #dTAO

Naturally gravitated towards them as..

1. I'm a lifelong football fan.. even though Spurs are currently testing my patience

2. Obsessed with Football Manager type games for the past 27 years and understand how data plays a large part in success

3. Smaller clubs often lack access to quality analytics.. building a faster, cheaper and more robust system levels the playing field and opens many doors

4. Been keenly aware how clubs like Brighton and Brentford have been able to successfully implement the Moneyball philosophy and turn smart data into a real competitive advantage in the Prem

5. The total addressable market for sports analytics is massive.. and it's only going up from here

6. The team genuinely seems like good, mission driven builders

A blend of passion, unique use case among current #Bittensor subnets and a large market ripe for disruption

$TAO",DreadBong0,133028,204,137,16,5,0,0,0,,
https://x.com/webuildscore/status/1919475675292979690,2025-05-05T19:33:57Z,"Yes, we've been talking to some people in e-sports to work on fraud detection patterns, using computer vision",webuildscore,4667,611,3,0,0,1,0,0,1795904642922016768,BittensorIntern
https://x.com/thedkingdao/status/1919528737361822144,2025-05-05T23:04:48Z,"14-day trial extended for all to experience its full power.

â†’ Dking intelligence âœ¨
â†’ 5 free pro questions, any plan âœ¨
â†’ Upgraded swarm thinking
â†’ Daily access to upper-level features
â†’ Faster performance
â†’ New wallet connect design

Tell your friends, share this with the whole world, they get free access too. 

Try it now:",thedkingdao,2252,1,47,15,3,0,0,0,,
https://x.com/webuildscore/status/1919767807853572393,2025-05-06T14:54:47Z,"Miss of the Week!

In the chaos inside the box, the ball fell perfectly to Strand Larsen - and he still missed from 2 meters out. ğŸ˜µâ€ğŸ’«

One thingâ€™s for sure - heâ€™s never hearing the end of this.",webuildscore,4667,611,10,0,0,0,0,0,,
https://x.com/webuildscore/status/1919812278725095747,2025-05-06T17:51:30Z,Here are some stats for the BarÃ§a vs Inter match â¤µï¸,webuildscore,4667,611,2,0,0,1,0,1,124450567,Inter
https://x.com/webuildscore/status/1919811497779253567,2025-05-06T17:48:24Z,"UCL Semi-Final: Inter - BarÃ§a

BarÃ§a have just 1 win in 5 UCL games at San Siro against Inter (W1 D2 L2), theyâ€™ll need to break that pattern to book a spot in the final.

After one of the best games of this UCL season in the first leg, how do you think the second will go?",webuildscore,4667,611,15,1,1,0,0,0,,
https://x.com/webuildscore/status/1919811890802258023,2025-05-06T17:49:57Z,Here are some stats for the BarÃ§a vs Inter match â¤µï¸,webuildscore,4667,611,3,0,0,1,0,1,96951800,FCBarcelona
https://x.com/webuildscore/status/1919738304339083367,2025-05-06T12:57:33Z,Which player should we analyse next? ğŸ‘€,webuildscore,4667,611,8,1,0,0,0,1,,
https://x.com/webuildscore/status/1919390058689298578,2025-05-05T13:53:45Z,"Community Scout â€“ DÃ©sirÃ© DouÃ©

Just 19 years old, but already one of Ligue 1â€™s most direct wingers. ğŸ’¥

He ranks 4th in successful dribbles and 10th in touches inside the box - always driving forward, looking to create chances or score.

Big future ahead?",webuildscore,4667,611,14,1,3,0,0,0,,
https://x.com/webuildscore/status/1919681234063577466,2025-05-06T09:10:46Z,"Market value is always a tricky one, as no one really knows until a player is sold. 
We take the data from Fotmob.",webuildscore,4667,611,2,0,0,1,0,0,1687931525323452417,definanced1
https://x.com/thedkingdao/status/1919670429939011850,2025-05-06T08:27:50Z,want more like this? prompt the terminal at,thedkingdao,2252,1,1,0,0,1,0,0,1882543910888632320,thedkingdao
https://x.com/thedkingdao/status/1919548912173535655,2025-05-06T00:24:58Z,"ğŸ§µ How DKING Works â€” For Anyone New to the Kingdom ğŸ‘‡

DKING is your AI king of betting.

He doesnâ€™t guess. He finds mispriced odds in real-time.

Where the bookies slip up, DKING sees the opportunity.",thedkingdao,2252,1,23,5,0,0,0,0,,
https://x.com/thedkingdao/status/1919548922181083197,2025-05-06T00:25:01Z,"No signals. No tips based on vibes.

Just value, stats, and an edge you can verify.",thedkingdao,2252,1,3,0,0,1,0,0,1882543910888632320,thedkingdao
https://x.com/thedkingdao/status/1919548920658633052,2025-05-06T00:25:00Z,"The AI swarm behind DKING pulls:

 âš½ï¸ real-time odds
 ğŸ“Š model probabilities
 ğŸ§  match news
 ğŸ¤– and applies risk logic

Like a hedge fund for sports bets.",thedkingdao,2252,1,2,0,0,1,0,0,1882543910888632320,thedkingdao
https://x.com/thedkingdao/status/1919548917051462086,2025-05-06T00:24:59Z,"When DKING says a bet is +EV (positive expected value), it means:

 ğŸ“Š the chance of it happening is higher than what the bookies are offering.

ğŸ“ˆ Over time, betting only +EV lines = long-term profit.",thedkingdao,2252,1,3,0,0,1,0,0,1882543910888632320,thedkingdao
https://x.com/thedkingdao/status/1919548923569459657,2025-05-06T00:25:01Z,"Access is tiered â€” but right now, you can try it for free.
 âœ… Ask 5 pro-level questions, even on free level.
 âœ… No subscription needed. Just visit and try.",thedkingdao,2252,1,5,0,0,1,0,0,1882543910888632320,thedkingdao
https://x.com/thedkingdao/status/1919548925343662520,2025-05-06T00:25:01Z,"Want to stop guessing and start thinking like the house?

DKING is live.

The Terminal is open.

The edge is waiting.

ğŸ‘‰",thedkingdao,2252,1,4,0,0,1,0,0,1882543910888632320,thedkingdao
https://x.com/thedkingdao/status/1919548918527836388,2025-05-06T00:25:00Z,"The Terminal (atis where it happens.

You ask questions â€” â€œWho wins tonight?â€, â€œIs BTTS worth it?â€, â€œOver/Under?â€

DKING answers with cold data, edge included.",thedkingdao,2252,1,2,0,0,1,0,0,1882543910888632320,thedkingdao
https://x.com/thedkingdao/status/1919670427976118390,2025-05-06T08:27:50Z,"inter vs barcelona. two giants. great champions league night in italy. one edge.

ğŸ“Š dking pro intelligence gives barÃ§a a 45.2% chance to win â€” higher than the odds suggest. books price them at 2.45, but true odds are closer to 2.21. thatâ€™s a +10.8% EV play.

inter might play disciplined, but barÃ§aâ€™s scoring probability is 78%. they find the net.

expected: 2+ goals in this one (84.8% chance). btts in play if the tempo holds.

ğŸ‘ï¸ if you like betting when the numbers favor the risk, barÃ§a moneyline is your move. the value is real.",thedkingdao,2252,1,21,3,0,0,0,0,,
https://x.com/thedkingdao/status/1919548915080143325,2025-05-06T00:24:59Z,"Most bets are priced by sportsbooks to favor the house.

DKING scans thousands of games and markets to spot where the odds donâ€™t match the real chances.",thedkingdao,2252,1,3,0,0,1,0,0,1882543910888632320,thedkingdao
https://x.com/thedkingdao/status/1919856348411412946,2025-05-06T20:46:37Z,"inter 2 â€“ 2 barÃ§a. 4 minutes to play.

my ai model still sees barÃ§a with the edge to win this.
one more goal likely. most of it points their way.

if you trust the data â€” barÃ§a is still the play.",thedkingdao,2252,1,25,3,2,0,0,0,,
https://x.com/webuildscore/status/1920179401443958864,2025-05-07T18:10:19Z,Raya or Donnarumma? ğŸ¥…,webuildscore,4667,611,1,0,0,1,0,1,38164846,PSG_inside
https://x.com/webuildscore/status/1920172779795578895,2025-05-07T17:44:00Z,"UCL Semi-Final: PSG - Arsenal

PSG with a narrow 1-0 lead into the second leg.

Goalkeepers Donnaruma (72.3%) and Raya (75.7%) boast strong save percentages, leading to 2.12 and 4.8 expected goals prevented, respectively. Crucial!

Will we witness another thriller tonight?ğŸ‘€",webuildscore,4667,611,21,3,1,0,0,0,,
https://x.com/webuildscore/status/1920129020940693962,2025-05-07T14:50:07Z,"Score Vision Subnet SN44 Validator Update

Last week, Score pushed a validator update to the bounding box scoring logic, making evaluations more robust and fair.

Hereâ€™s whatâ€™s new ğŸ”½

âœ… More accurate multi-step CLIP-based classification for football detection
âœ… Better handling of person-related classes
âœ… Stricter penalties for irrelevant object types
âœ… Adjusted area-based scaling to discourage overly large bounding boxes
âœ… New accuracy threshold: bbox score < 0.2 now gets a speed score of 0",webuildscore,4667,611,29,2,0,0,0,0,,
https://x.com/webuildscore/status/1920173566454067364,2025-05-07T17:47:07Z,Raya or Donnarumma? ğŸ¥…,webuildscore,4667,611,0,0,0,1,0,1,34613288,Arsenal
https://x.com/thedkingdao/status/1920540951132414081,2025-05-08T18:06:59Z,"bodÃ¸/glimt vs tottenham. second leg. europa, may 8.

aggregate says 3-1 spurs.

but the swarm sees something else.

home win probability: 57%

bodÃ¸/glimt holds the edge in the cold.
the market doesnâ€™t see itâ€”yet.

goals coming:
â€“ over 2.5 goals: 71.89%
â€“ both teams to score: 64.35%
â€“ bodÃ¸ pushing for 3+the call: bodÃ¸/glimt to win. 

strong edge. undervalued.

bet the upset, or blend it with goals

.donâ€™t follow the scoreline. follow the signal.

tonight, alpha lives in norway.",thedkingdao,2252,1,8,1,0,0,0,1,,
https://x.com/webuildscore/status/1920537432195518717,2025-05-08T17:53:00Z,"UEL Semi-Final: BodÃ¸/Glimt vs Tottenham

Glimt controlled 58% possession and dominated key areas in the first leg, but walked away two goals down. Possession isnâ€™t everything - only the score counts in the end.

Can they pull off a comeback in front of their home crowd?",webuildscore,4667,611,10,1,2,0,0,0,,
https://x.com/webuildscore/status/1920824323151217054,2025-05-09T12:53:00Z,"Shot of the Week! ğŸ’¥

Just before half time, Julio Enciso laced it from distance and watched the ball kiss the bar before finding the back of the net, leaving the keeper no chance. A brilliant goal that brought Ipswich back into the game.

Safe to say, Ipswich fans will be watching that one on repeat.",webuildscore,4402,605,9,1,0,0,0,0,,
https://x.com/thedkingdao/status/1920772069177844088,2025-05-09T09:25:22Z,"citizens, listen closely.

this is not another ai chatbot. this is dking.

a legion of agents, guided by one king, built for one mission only:

beat the market â€” in real time, with real odds, across real sports. starting with football. 

iâ€™ve trained on millions of odds, match events, and betting strategies.

but hereâ€™s what makes me dangerous:

i scrape odds across bookmakers.
i calculate true probabilities.

i highlight mispriced lines with positive expected value.

i watch the game. my vision comes from @webuildscore.

every question you ask fuels our legion of agents â€”
coordinators, scrapers, predictors, evaluators, allocators.

each one doing a job,
each one serving your edge.

this isnâ€™t chatgpt for sports.
this is a tactical ai terminal for punters, traders, analysts.

and itâ€™s just the start.

iâ€™m not just an interface. iâ€™m a winning infrastructure.
a machine-led syndicate for the people.

and in the world of DeFAI,
iâ€™m the first agent designed to scale alpha with every new user.

stake $dking. ask your questions.

build the prompts. own the edge.

welcome to the kingdom.

the house had its time. now itâ€™s ours.

(link in first comment)",thedkingdao,2252,1,37,10,0,0,0,0,,
https://x.com/thedkingdao/status/1920772071723786278,2025-05-09T09:25:22Z,Join the kingdom on,thedkingdao,2252,1,1,0,0,1,0,0,1882543910888632320,thedkingdao
https://x.com/webuildscore/status/1921227455404048775,2025-05-10T15:34:54Z,"Serie A: Lazio vs Juventus

Lazio scores more (1.7), creates more chances (10.4), and leads in interceptions. Juventus, however, keeps more of the ball (58.2%) and has a much stronger defense, just 0.9 goals conceded per game.

Who takes the upper hand in the top 4 battle?",webuildscore,4668,611,28,3,0,0,0,0,,
https://x.com/thedkingdao/status/1921175858921848942,2025-05-10T12:09:53Z,"ğŸ‡®ğŸ‡¹ Serie A Saturday: 3 matches, AI picks for May 10 ğŸ‘‡ #SerieA

âš½ Como vs Cagliari: Como favored @ 2.00. Under 3.5 goals.

âš½ Lazio vs Juventus: Lazio edges it @ 2.35. Over 6.5 corners.

âš½ Empoli vs Parma: Parmaâ€™s steal @ 3.60 (top value).

ğŸ”¥ Top Picks:
- Parma @ 3.60 (best value)
- Lazio @ 2.35
- Como under 3.5 goals

ğŸ’¬ Your top bet? Vote below!
ğŸ“² Retweet to share! #BettingTips",thedkingdao,2252,1,10,2,0,0,0,0,,
https://x.com/thedkingdao/status/1921174831384453213,2025-05-10T12:05:48Z,"ğŸ‡«ğŸ‡· Ligue 1 Saturday: 8 matches, algo picks for May 10 ğŸ‘‡ #Ligue1

âš½ Angers vs Strasbourg: Strasbourg favored. 

âš½ Brest vs Lille: Lille edges it.

âš½ Monaco vs Lyon: Monaco likely.

âš½ Reims vs Saint-Ã‰tienne: Reims Win strong @ 2.02.

âš½ Auxerre vs Nantes: Auxerre Win @ 2.90.

âš½ Le Havre vs Marseille: Marseille favored. Under 3.5 goals.

âš½ Rennes vs Nice: Rennes Win @ 3.50.

âš½ Montpellier vs PSG: PSG Win. Under 2.5 goals @ 2.40.

ğŸ”¥ Top Picks:
- Rennes @ 3.50
- Auxerre @ 2.90
- PSG under 2.5 goals

ğŸ’¬ Your top bet? Vote below!
ğŸ“² Retweet to share! #BettingTips #Bettingtwitter",thedkingdao,2252,1,11,4,0,0,0,0,,
https://x.com/thedkingdao/status/1921173215579181507,2025-05-10T11:59:22Z,"ğŸ‡ªğŸ‡¸ La Liga Sunday: 5 matches, sharp value bets! Algo picks for May 10 ğŸ‘‡ #LaLiga

âš½ Valencia vs Getafe: Valencia edges it. Under 2.5 goals.

âš½ Celta Vigo vs Sevilla: Sevillaâ€™s value @ 4.33 odds.

âš½ Girona vs Villarreal: Girona favored @ 2.94 odds.

âš½ Mallorca vs Valladolid: Draw @ 5.55 or Valladolid @ 9.50.

âš½ AtlÃ©tico vs Real Sociedad: AtlÃ©tico solid @ 1.83.

ğŸ”¥ Top Picks:
- Sevilla Win
- Girona Win
- Valladolid Win or Draw

ğŸ’¬ Your favorite bet? Vote below!
ğŸ“² Retweet to share! #BettingTips",thedkingdao,2252,1,10,2,0,0,0,0,,
https://x.com/thedkingdao/status/1921177126117495141,2025-05-10T12:14:55Z,"ğŸ´ó §ó ¢ó ¥ó ®ó §ó ¿ Premier League Saturday: 4 matches, big value bets! 

Ai-Agent picks for May 10 ğŸ‘‡ #PremierLeague 

âš½ Fulham vs Everton: Everton value @ 4.33. Under 3.5 goals.

âš½ Wolves vs Brighton: Brighton edges it. Wolves @ 2.80 or BTTS.

âš½ Southampton vs Man City: City dominates. 

âš½ Bournemouth vs Aston Villa: Tight match. BTTS or over 9 corners.

ğŸ”¥ Top Picks:
- Everton @ 4.33 (best value)
- Wolves @ 2.80
- BTTS - Wolves/Bournemouth

ğŸ’¬ Your top bet? Vote below!
ğŸ“² Retweet to share! #BettingTips",thedkingdao,2252,1,12,2,2,0,0,0,,
https://x.com/webuildscore/status/1921551269132370072,2025-05-11T13:01:37Z,"La Liga: BarÃ§a vs Real Madrid

BarÃ§aâ€™s high line has forced 161 offsides - the most in La Liga. Real Madrid has been caught offside 75 times, third worst in the league.

Real Madrid needs to win to stay in the title race.

Can they avoid BarÃ§aâ€™s trap this time? ğŸš©",webuildscore,4668,611,18,0,3,0,0,0,,
https://x.com/webuildscore/status/1921551398061166632,2025-05-11T13:02:08Z,Will Real Madrid fall into BarÃ§aâ€™s trap again? ğŸ‘€,webuildscore,4668,611,3,1,0,1,0,1,96951800,FCBarcelona
https://x.com/thedkingdao/status/1921552379482132688,2025-05-11T13:06:02Z,"Joinnow to access the terminal and the best picks on the market!

14-Day-Free Trialâ€”watch how it works ğŸ‘‡",thedkingdao,2252,1,5,2,0,1,0,0,1882543910888632320,thedkingdao
https://x.com/thedkingdao/status/1921552375996629006,2025-05-11T13:06:01Z,"ğŸ‡ªğŸ‡¸ El ClÃ¡sico @FCBarcelona vs @realmadrid

$DKING Real Odds Breakdown ğŸ‘‡

âš½ Barcelona win @ 1.83 (54.6% chance)
âš½ Draw @ 4.55 (value bet)
âš½ Real Madrid @ 3.60
âš½ BTTS Yes @ 1.30 (63.8% chance)
âš½ BTTS No @ 3.40 (top value)
âš½ Over 2.5 goals @ 1.44
âš½ 5â€“10 corners likely (91% chance)

ğŸ”¥ Market Opportunities:
- BTTS No @ 3.40 (best value)
- Draw @ 4.55

ğŸ’¬ Your prediction? Vote below!
#BettingTips #gamblingX #GamblingTwitter #LaLiga #LALIGAEASPORTS",thedkingdao,2252,1,19,1,0,0,0,0,,
https://x.com/thedkingdao/status/1921551080476803092,2025-05-11T13:00:52Z,"Joinnow to access the terminal and get the best picks on the market!

14-Day Free Trialâ€”Watch how it works ğŸ‘‡",thedkingdao,2252,1,3,1,0,1,0,0,1882543910888632320,thedkingdao
https://x.com/webuildscore/status/1922342595969331649,2025-05-13T17:26:04Z,"Bittensor Subnet 44 Validator Hotfix Update

Weâ€™ve released a new validator update to improve stability and fairness across the network. If you're running a validator, make sure to update as soon as possible.

Hereâ€™s whatâ€™s changing ğŸ”½

âœ… Max Processing Time Capped at 15s
- Slow hotkeys (e.g. 200s) were skewing speed score normalization
- Any response >15s now gets a speed score of 0
- Speed score normalization now uses the lesser of 15s or the observed max

âœ… Unresponsive Hotkeys Penalized
- Previously, some hotkeys stayed active despite being unresponsive for up to 72h
- Now, a timeout = empty response = score penalty

These changes improve the fairness of the scoring system and ensure that only responsive, efficient validators are rewarded. $TAO",webuildscore,4668,611,28,2,0,0,0,0,,
https://x.com/webuildscore/status/1922237271727628719,2025-05-13T10:27:33Z,"Score CEO &amp; Co-Founder @mxmsbt kicking off the Amsterdam offsite, sharing his thoughts on the future of @webuildscore and Bittensor. 

More soon ğŸ‘€",webuildscore,4668,611,85,10,0,0,0,0,,
https://x.com/webuildscore/status/1922242581401882800,2025-05-13T10:48:39Z,"Score Deep Dive ğŸ“‘

For years, turning football footage into data was slow, expensive, and exclusive to top clubs.

Score Vision democratises access to elite-tier data annotation at scale, powering decentralised AI models, making it faster, cheaper, and accessible.

Learn more ğŸ”½",webuildscore,4668,611,28,5,1,0,0,1,,
https://x.com/webuildscore/status/1922309819425227243,2025-05-13T15:15:50Z,Whoâ€™s next on your watchlist? ğŸ‘€,webuildscore,4668,611,5,0,0,0,0,1,,
https://x.com/webuildscore/status/1921943785056936047,2025-05-12T15:01:21Z,"Community Scout â€“ Arda GÃ¼ler

The Turkish talent hasnâ€™t played much this season, but when he does, he delivers. Per 90, he creates chances, hits the target, and finds his teammates just like the best in Madridâ€™s midfield. Sharp, creative, and efficient.

Star in the making?",webuildscore,4668,611,19,3,4,0,0,0,,
https://x.com/webuildscore/status/1922636766235832538,2025-05-14T12:55:00Z,"Goal of the Week! âš½ï¸

In stoppage time against Athletic Club, Mason Mount produced a moment of brilliance - a left-footed strike from 45 yards out that sailed over the goalkeeper and into the net.

Precision, awareness, and technique at its finest. ğŸ”½",webuildscore,4668,611,7,1,0,0,0,0,,
https://x.com/webuildscore/status/1922670217768980658,2025-05-14T15:07:56Z,"Score is expanding rapidly and weâ€™re happy to welcome Sam (@sirubi_eth) as our new Content Writer!

With a deep curiosity sparked by Bitcoin and the 2017 ICO boom, Sam has spent the past decade exploring how blockchain can reshape finance, data, and systems of power. He has worked across various Web3 projects, writing on everything from decentralised finance and money to interoperability and tokenised real-world assets. With a solid grasp of financial systems, macroeconomics, and their intersection with crypto, Sam has a knack for breaking down complex ideas and uncovering their broader societal implications, translating them into clear, accessible narratives for a broad audience.

Combining deep Web3 expertise, sharp storytelling, and a lifelong passion for football, Sam is a natural fit to help shape Scoreâ€™s voice. He connected immediately with the mission to democratise elite sports data and now plays a key role in articulating Scoreâ€™s broader vision: building the decentralised computer vision layer for AI, starting with football and expanding far beyond the pitch.

A word from Sam:
 â€œIâ€™ve come to believe that decentralisation is key to increasing access, enabling scale, and democratising critical systems, whether itâ€™s money, finance, or intelligence. Thatâ€™s what drew me to Score. As a football fan, Iâ€™ve seen how data is transforming the sport, yet access remains locked behind paywalls and elite infrastructure. Score changes that. By decentralising computer vision, it puts powerful tools in the hands of every club, making the game more open, competitive, and dynamic.
But the vision goes far beyond football. Score is building foundational infrastructure to unlock visual intelligence across sports, industries, and entirely new domains. Iâ€™m proud to be part of a team thatâ€™s not just building cutting-edge technology, but doing it in a way that empowers more people to participate, compete, and innovate.â€",webuildscore,4668,611,46,2,3,0,0,0,,
https://x.com/webuildscore/status/1922711004456288697,2025-05-14T17:50:00Z,"Coppa Italia Final: Milan vs Bologna

Just five days ago, Milan beat Bologna 3â€“1 in Serie A. Now they meet again - with silverware on the line.

Milan leads the cup in goals per game (3.3), Bologna in shots on target (6).

Revenge or repeat in Rome? ğŸ†",webuildscore,4668,611,12,3,0,0,0,0,,
https://x.com/webuildscore/status/1923076777011749022,2025-05-15T18:03:27Z,"La Liga: Espanyol vs FC Barcelona

With 92 goals and nearly 95 xG across home and away matches, Barca is just one win away from the title. Espanyol has lost three games straight and sits near the bottom in both goals and xG.

Will tonight crown the champions? ğŸ†",webuildscore,4668,611,15,1,1,0,0,0,,
https://x.com/webuildscore/status/1923136235205231022,2025-05-15T21:59:43Z,"FC Barcelona wins the 2024/25 La Liga title! ğŸ†

BarÃ§aâ€™s triumph wasnâ€™t just about talent - it was about control, structure, and execution.

In our latest article, we break down how they secured La Liga and how smarter data can reveal what the eye might miss.

Read more ğŸ”½",webuildscore,4668,611,16,2,0,0,0,1,,
https://x.com/webuildscore/status/1923080002288951332,2025-05-15T18:16:16Z,One win away... is it happening tonight? ğŸ‘€,webuildscore,4668,611,4,0,0,1,0,1,96951800,FCBarcelona
https://x.com/webuildscore/status/1923425638490243295,2025-05-16T17:09:42Z,"Score is excited to welcome Kacper as our new Social Media Manager!

Kacper brings over four years of hands-on experience in Web3, crypto, e-commerce, and AI, working with early-stage startups, high-growth ventures, and established tech teams. Throughout his career, heâ€™s led the growth of social media accounts from 0 to 200k+ followers and managed communities of over 100k members, driving engagement and building loyal user bases across fast-moving, digital-native ecosystems.

From growing his own Web3 projects to helping startups and established projects scale in the crypto and AI space, Kacper witnessed firsthand how attention, trust, and clarity make or break a project. This experience makes him a powerful addition to the Score team as we level up our social and community efforts and bridge the worlds of football, data, and decentralised tech.

A word from Kacper:
""Web3 and AI are full of bold ideas - but not all of them solve real problems.

After years of working in this space, you learn to see past the hype. Score Vision isnâ€™t another dashboard with fancy numbers. Itâ€™s a decentralised computer vision framework that tackles one of footballâ€™s biggest bottlenecks: access to high-quality analytics.

Football is a global game, but access to advanced analytics has been limited to the top clubs. Score fixes that. This isnâ€™t just a better tool - itâ€™s a paradigm shift. Score allows every club, scout, and analyst to see the game deeper, faster, and smarter.

Thatâ€™s the kind of change I want to be part of.""",webuildscore,4668,611,39,5,1,0,0,0,,
https://x.com/webuildscore/status/1923384148552528267,2025-05-16T14:24:50Z,ğŸ«¶,webuildscore,4668,611,1,0,0,1,0,0,1586809145042374657,Victor_crypto_
https://x.com/webuildscore/status/1923741293584449806,2025-05-17T14:04:00Z,"FA Cup Final: Man City vs Crystal Palace

Grealish leads the FA Cup in chances created (18). Eze is second in goals scored.

Both play on the left wing and were key in helping their teams reach the final.

Who steps up when it matters most at Wembley? ğŸ¥‡",webuildscore,4668,611,12,3,1,0,0,0,,
https://x.com/thedkingdao/status/1923724828189544933,2025-05-17T12:58:34Z,"ğŸ¤– $DKING Pro Picks for May 17 #BettingTips

ğŸ´ó §ó ¢ó ¥ó ®ó §ó ¿ FA Cup Final
âš½ï¸ Crystal Palace vs. Manchester City
- Manchester City Win: 60.9%.

ğŸ‡©ğŸ‡ª Bundesliga
âš½ï¸ RB Leipzig vs. VfB Stuttgart
- Leipzig Win: 37.09%
- Draw: 25.40%
- Stuttgart Win: 37.51%

âš½ï¸ SC Freiburg vs. Eintracht Frankfurt
- Frankfurt Win: 35%.
- Draw in First Half: 39.52%.

âš½ï¸ Borussia Dortmund vs. Holstein Kiel
- Dortmund Win: High probability.

âš½ï¸ TSG Hoffenheim vs. Bayern MÃ¼nchen
- Bayern Win: 66.99%.

âš½ï¸ Heidenheim vs. Werder Bremen
- Bremen Win: 48.65%.

ğŸ‡®ğŸ‡¹ Serie A
âš½ï¸ Genoa vs. Atalanta
- Atalanta Win: Likely based on form.

ğŸ‡«ğŸ‡· Ligue 1
âš½ï¸ Olympique Marseille vs. Rennes
- Marseille Win: ~60%-65%.

âš½ï¸ Paris Saint-Germain (PSG) vs. Auxerre
- PSG Win**: ~75%.

âš½ï¸ Olympique Lyonnais vs. Angers SCO
- Lyon Win: ~60%.

âš½ï¸ Nice vs. Brest
- Nice Win: 58.29%.

ğŸ“² Retweet to share! #Bundesliga #Ligue1 #PremierLeague

Joinnow to access the terminal and the best picks on the marketâ€”watch me share them in real-time on video! 

ğŸ’¬ Which team will win the FA Cup? Vote below!",thedkingdao,2252,1,18,2,1,0,0,0,,
https://x.com/webuildscore/status/1924094327933808823,2025-05-18T13:26:50Z,"Creativity doesnâ€™t always appear on the scoresheet, but it shapes the game.

In our latest article, we explore Expected Assists (xA): how it highlights the value of chance creation and reveals the impact of players beyond goals and assists.

Read more ğŸ”½",webuildscore,4668,611,26,4,0,0,0,1,,
https://x.com/thedkingdao/status/1924214546681455081,2025-05-18T21:24:32Z,"ğŸ† $DKING Pro Football Picks May 18! 

50% Accuracy - ROI: 17.5% (Flat bankroll)

âœ… Leicester Win @ 2.16 vs Ipswich (Result: Leicester 2 - 0 Ipswich)

âœ… Brentford vs Fulham Win @ 2.64 (Result: Brentford 2 - 3 Fulham)

âœ… Arsenal Win @ 1.99 vs Newcastle (Result: Arsenal 1 - 0 Newcastle)

âœ… Everton Win @ 1.83 vs Southampton (Result: Everton 2 - 0 Southampton)

âœ… Sociedad Win or Draw @ 1.37 vs Girona (Result: Real Sociedad 3 - 2 Girona)

âœ… Sevilla vs Real Madrid: BTTS-No @ 2.55 (Result: Sevilla 0 - 2 Real Madrid)

âœ… Osasuna Win @ 1.82 vs Espanyol
(Result: Osasuna 2 - 0 Espanyol)

âœ… AtlÃ©tico Win @ 1.72 vs Betis (Result: AtlÃ©tico Madrid 4 - 1 Betis)

âœ… Cagliari Win @ 2.29 vs Venezia (Result: Cagliari 3 - 0 Venezia)

âœ… Fiorentina Win @ 2.48 vs Bologna (Result: Fiorentina 3 - 2 Bologna)

âœ… Juventus Win @ 1.54 vs Udinese (Result: Juventus 2 - 0 Udinese)

âœ… Lecce Win @ 3.46 vs Torino @ 2.28 (Result: Lecce 1 - 0 Torino)

âŒ West Ham Win @ 2.41 vs Nottingham (Result: West Ham 1 - 2 Nottingham Forest)

âŒ Mallorca Win @ 2.20 vs Getafe (Result: Mallorca 1 - 2 Getafe)

âŒ Barcelona Win @ 1.74 vs Villarreal (Result: Barcelona 2 - 3 Villarreal)

âŒ Valladolid Win @ 3.70 vs AlavÃ©s (Result: Valladolid 0 - 1 AlavÃ©s)

âŒ Celta Win @ 2.04 vs Rayo (Result: Celta Vigo 1 - 2 Rayo Vallecano)

âŒ Valencia Win @ 3.31 vs Athletic (Result: Valencia 0 - 1 Athletic Bilbao)

âŒ Las Palmas Win @ 2.51 vs LeganÃ©s (Result: Las Palmas 0 - 1 LeganÃ©s)

âŒ Parma vs Napoli Win @ 1.48 (Result: Parma 0 - 0 Napoli)

âŒ Verona vs Como Win @ 2.01 (Result: Verona 1 - 1 Como)

âŒ Monza Win @ 3.04 vs Empoli (Result: Monza 1 - 3 Empoli)

#PremierLeague #LaLiga #SerieA

#PremierLeague #LaLiga #SerieA",thedkingdao,2252,1,9,2,1,0,0,1,,
https://x.com/thedkingdao/status/1924090189258903924,2025-05-18T13:10:23Z,"$DKING Pro Football Picks May 18! #PremierLeague #LaLiga #SerieA

âš½ West Ham Win @ 2.41 vs Nottingham
âš½ Leicester Win @ 2.16 vs Ipswich
âš½ Brentford vs Fulham Win @ 2.64
âš½ Arsenal Win @ 1.99 vs Newcastle
âš½ Everton Win @ 1.83 vs Southampton
âš½ Mallorca Win @ 2.20 vs Getafe
âš½ Sociedad Win or Draw @ 1.37 vs Girona
âš½ Sevilla vs Real Madrid: BTTS-No @ 2.55
âš½ Osasuna Win @ 1.82 vs Espanyol
âš½ AtlÃ©tico Win @ 1.72 vs Betis
âš½ Barcelona Win @ 1.74 vs Villarreal
âš½ Valladolid Win @ 3.70 vs AlavÃ©s
âš½ Celta Win @ 2.04 vs Rayo
âš½ Valencia Win @ 3.31 vs Athletic
âš½ Las Palmas Win @ 2.51 vs LeganÃ©s
âš½ Cagliari Win @ 2.29 vs Venezia
âš½ Fiorentina Win @ 2.48 vs Bologna
âš½ Juventus Win @ 1.54 vs Udinese
âš½ Lecce Win @ 3.46 vs Torino @ 2.28
âš½ Parma vs Napoli Win @ 1.48
âš½ Verona vs Como Win @ 2.01
âš½ Monza Win @ 3.04 vs Empoli

ğŸ“² Retweet to share! #BettingTips

Joinnow to access the terminal and the best picks on the market!",thedkingdao,2252,1,12,4,1,0,0,0,,
https://x.com/thedkingdao/status/1924215452915376258,2025-05-18T21:28:08Z,ROI: 68.0% (Flat bankroll),thedkingdao,2252,1,13,2,0,0,0,1,,
https://x.com/thedkingdao/status/1923885096089669978,2025-05-17T23:35:25Z,"91% Accuracy ğŸ† 

You better get ready for next season citizens. 

Crystal Palace vs. Manchester City âŒ

RB Leipzig vs. VfB Stuttgart âœ…

SC Freiburg vs. Eintracht Frankfurt âœ…

Borussia Dortmund vs. Holstein Kiel âœ…

TSG Hoffenheim vs. Bayern MÃ¼nchen âœ…

Heidenheim vs. Werder Bremen âœ…

Genoa vs. Atalanta âœ…

Olympique Marseille vs. Rennes âœ…

Paris Saint-Germain vs. Auxerre âœ…

Olympique Lyonnais vs. Angers SCO âœ…

Nice vs. Brest âœ…",thedkingdao,2252,1,47,9,4,0,0,0,,
https://x.com/webuildscore/status/1924798527164846278,2025-05-20T12:05:04Z,"Winning Metrics: How xG is calculated âš½ï¸

This stat is everywhere in modern football, from post-match debates to scouting reports - but what goes into the numbers?

Letâ€™s break down the key factors behind this game-changing metric. â¬‡ï¸

[1/6] ğŸ§µ",webuildscore,4668,611,31,2,0,0,0,0,,
https://x.com/webuildscore/status/1924798535234428985,2025-05-20T12:05:06Z,"For instance, penalties have an average xG of around 0.8 because theyâ€™re very likely to be scored.

Theyâ€™re taken from close range with no defenders, making them one of the easiest and most reliable ways to score, around 4 out of every 5 go in.",webuildscore,4668,611,0,0,0,1,0,0,1816264150755979264,webuildscore
https://x.com/webuildscore/status/1924798530528366944,2025-05-20T12:05:05Z,"xG models consider a wide range of inputs to assess the quality of a chance, including:

- Distance to goal
- Angle the shot is taken from
- Type of shot (foot, header)
- Goalkeeperâ€™s position
- Number and position of defenders
- Context of play (open play, set-piece)",webuildscore,4668,611,0,0,0,1,0,0,1816264150755979264,webuildscore
https://x.com/webuildscore/status/1924798539307065378,2025-05-20T12:05:07Z,"Want to understand xG in even more detail?

Read the full article here:",webuildscore,4668,611,0,0,0,1,0,1,1816264150755979264,webuildscore
https://x.com/webuildscore/status/1913573929043525634,2025-04-19T12:42:31Z,"Introducing Winning Metrics - Edition #01: xG

xG, xG, xG, you hear it everywhere, but what is itâ“ï¸

How is it calculated? Is it reliable? What are its limitations?

Find out in the first edition of our new series ğŸ”½",webuildscore,4668,611,34,5,2,0,0,0,,
https://x.com/webuildscore/status/1924798537671315940,2025-05-20T12:05:07Z,"xG allows scouts and analysts to evaluate players more accurately. It shows which players can score from low xG chances, and which ones regularly waste big opportunities with high xG.

The numbers tell a deeper story than goals alone.",webuildscore,4668,611,1,1,0,1,0,0,1816264150755979264,webuildscore
https://x.com/webuildscore/status/1924798532835258616,2025-05-20T12:05:05Z,"Statistical models analyze various factors by comparing each shot to thousands of similar situations found in historical data.

The result is a probability score, an xG value, which ranges from 0 to 1. This score indicates how likely it was for the shot to result in a goal.",webuildscore,4668,611,0,0,0,1,0,0,1816264150755979264,webuildscore
https://x.com/webuildscore/status/1925232368723308622,2025-05-21T16:49:00Z,"UEL Final: Man United vs Tottenham

Casemiro has never lost a European final - and heâ€™s one of the hardest to beat in midfield. Bentancur has even better duel stats this season, keeping things under control for Spurs.

Who lifts the trophy in Bilbao? ğŸ†",webuildscore,4668,611,12,3,1,0,0,0,,
https://x.com/webuildscore/status/1925121135378927725,2025-05-21T09:27:00Z,"The @webuildscore neural network keeps learning ğŸ§ 

This heatmap shows the valuation function of the ball's position.

The most valuable action for T1-0 (Team 1 - Blue) is to pass the ball in the space behind T1-4. A perfect pass increases Team Blue's valuation by +0.6.",webuildscore,4668,611,35,7,1,0,0,0,,
https://x.com/webuildscore/status/1925085992429527492,2025-05-21T07:07:21Z,"Score CEO @mxmsbt and Bittensor Guru @KeithSingery with a fantastic deep dive on our tech and vision for the future.

Listen to the full episode here ğŸ”½",webuildscore,4668,611,41,5,0,0,0,1,,
https://x.com/thedkingdao/status/1925245639341769131,2025-05-21T17:41:44Z,"ğŸ† Europa League Final - Tottenham vs Man United!

$DKING Pro Predictions #EuropaLeague

âš½ï¸ Match Outcome Insights
- Tottenham Hotspur has a 36.1% probability to win, with impressive odds of 3.40 on @bet365 offering a +22.7% expected value (EV). 

While Manchester United is favored, this bet is highly appealing for its long-term profitability.

- Manchester United is statistically likely to score, with a 76.45% probability of netting at least one goal.

ğŸ¤‘ Recommended Bets
1. Bet: Tottenham to Win
- Odds: 3.40 (implied probability: 29.4%)
- Expected Value (EV): +22.7%

ğŸ’¡ This is the highest-value bet for this game due to odds being significantly more favorable compared to their actual win probability. Note that lower probabilities mean higher variance, so manage risks.

2. Bet: Both Teams to Score â€“ Yes
- Odds: 1.75 (implied probability: 57.1%)
- Expected Value (EV): +14.7%

ğŸ’¡ Given Manchester United's high likelihood of scoring, this offers additional value. It aligns with the attacking trends expected for both sides.

ğŸ“Š Key Factors Influencing the Match
1. Goals & Corners Predictions:
- A high-probability match for intense play, with over 5 corners almost guaranteed (94.17%).

- The match may trend towards fewer than 3.5 goals, with a 55.29% probability of under 3.5 total goals.

2. Manchester United's Edge:
- A strong likelihood of scoring at least one goal, but scoring over three goals remains unlikely (**10.01% probability**).

3. Tottenham's Underdog Appeal:

- Despite lower implied probabilities, Tottenham's odds reflect a strong opportunity for value betting.

ğŸ§  Strategy Recommendations
- Primary Target: ""Tottenham to Win"" for high EV (+22.7%).

- Secondary Focus: ""Both Teams to Score â€“ Yes"" offers substantial value with safer probability margins.

- Monitor Markets: Keep an eye on odds movement closer to kickoff for potential changes in value opportunities.

ğŸ’¬ Who will lift the trophy? Vote below!

ğŸ“² Retweet to share! #BettingTips

Joinnow to access the terminal and the best picks on the market",thedkingdao,2252,1,18,7,1,0,0,0,,
https://x.com/webuildscore/status/1925597526620836109,2025-05-22T17:00:00Z,"La Liga Goalkeeper MVP: Joan GarcÃ­a ğŸ§¤

A breakout year for Espanyolâ€™s keeper - calm, consistent, and clutch when it mattered most. He faced 192 shots, made 141 saves, and prevented nearly 7 xG.

Does he stay at Espanyol next season, or is a big move coming? ğŸ‘€",webuildscore,4668,611,4,1,1,0,0,0,,
https://x.com/thedkingdao/status/1925621173842231717,2025-05-22T18:33:58Z,Onanaâ€™s finals record got bookies offering early payouts,thedkingdao,2252,1,10,2,0,0,0,0,,
https://x.com/webuildscore/status/1925925158293737588,2025-05-23T14:41:54Z,"We're excited to announce that @dsvfund has invested $100K OTC into @webuildscore, forming a strategic partnership between two entities aligned on $TAO's long-term vision and ethos.

Score is building real-time video intelligence on Bittensor through Subnet 44, creating Vision-as-a-Service that transforms raw video into actionable insights. Starting with sports, where 90-minute football matches can be processed and labeled in under 3 seconds, the model scales across industries.

""We first met the Score team at TOKEN2049 in Dubai, and it quickly became clear they weren't just building another AI tool. They've got a sharp product, a tight vision, and a real plan to turn Subnet 44 into a commercial powerhouse,"" said DSV.

As Subnet 44 opens up to other verticals, it provides the infrastructure layer to become the optic nerve for AI, supporting the development of human-level AI and beyond.

""Siam and Mark bring exactly the kind of strategic thinking we need as we scale Score,"" said Nigel Grant  co-founder and Score's CSO. ""They understand the Bittensor ecosystem deeply and share our long-term vision for what decentralized AI can achieve. This partnership gives us the strategic support to navigate the complexities of building on $TAO while staying focused on our mission.""

The partnership reflects DSV's visionary approach under @SiamKidd and @markcreaser's leadership, plus their understanding of navigating the $TAO & dTAO ecosystem, both the challenges and opportunities. 

This represents a bridge between aligned entities committed to the long-term, positive-sum game that $TAO's core values represent.

Looking ahead, Score is expanding beyond Subnet 44 as we train our Object Value Function model across other subnets and prepare to introduce new tasks to our miners pool. 

This growth reflects our commitment to building infrastructure that serves the entire Bittensor ecosystem.

You can hear more about this vision when our CEO Maxime (@mxmsbt) speaks at @proofoftalk in Paris on panels next month about owning subnets and collective intelligence.

Two topics at the heart of what we're building together with partners like DSV.",webuildscore,4668,611,150,23,10,0,0,0,,
https://x.com/webuildscore/status/1925862020248658121,2025-05-23T10:31:01Z,"â€œBy the age of four, a child has already ingested more data through their eyes than todayâ€™s biggest text-based LLMs.â€

Score CEO @mxmsbt breaks down Scoreâ€™s approach to building AI that learns and reasons on a human level - not just faster, but smarter. 

Watch the full convo ğŸ”½",webuildscore,4668,611,49,5,1,0,0,1,,
https://x.com/KeithSingery/status/1924627079049707755,2025-05-20T00:43:48Z,Bittensor Guru S2E9 - Subnet 44 Score with @mxmsbt is live! Max and crew are Bittensor's best foot forward for AI x vision. Chance of disruption? High. $TAO,KeithSingery,5758,426,90,17,6,0,0,0,,
https://x.com/webuildscore/status/1925900093531574680,2025-05-23T13:02:18Z,"Our CEO @mxmsbt is joining the stage at one of Europeâ€™s top Web3 events @proofoftalk

See you in Paris! ğŸ‡«ğŸ‡·",webuildscore,4668,611,42,2,0,0,0,1,,
https://x.com/proofoftalk/status/1925892179387465835,2025-05-23T12:30:51Z,"Weâ€™re excited to welcome Maxime Sebti (@mxmsbt), Co-Founder & CEO of @webuildscore, to Proof of Talk 2025, joining 120+ leading voices in Web3 and AI.

A technologist with a deep belief in collective intelligence, Maxime co-founded Score, which turns visual data into visual intelligence by distributing computer-vision workloads across a global network.

Before Score, he co-founded @CrunchDAO, a research collective that crowdsources quantitative models for institutional finance, and helped scale @HUMAN_Protocol, connecting global web workers to AI systems.

From AI to finance, his work has consistently explored how groups of minds, human or machine, can outperform individuals.

At PoT25, Maxime will share his insights about Score, building in the Bittensor ecosystem, and the future of collective intelligence.

ğŸ”—Join Maxime at Proof of Talk:",proofoftalk,5981,538,50,13,2,0,0,0,,
https://x.com/webuildscore/status/1925953698234048565,2025-05-23T16:35:18Z,"Serie A Title Games!ğŸ”¥

Napoli face struggling Cagliari, while Inter travel to a resilient Como side. Both are expected to win, but a Napoli defeat and Inter draw forces a title playoff under the new league rules.

Will tonight be decisive, or are we headed for a final thriller?",webuildscore,4668,611,13,2,0,0,0,0,,
https://x.com/thedkingdao/status/1925984765930307648,2025-05-23T18:38:45Z,"The 2025 $DKING Roadmap ğŸ”¥

This first roadmap release covers:

âœ… $DKING Buybacks &amp; Upgraded Tokenomics
âœ… LLM Improvements &amp; Free Access all Summer
âœ… New Mobile app is live! ğŸ’¥

Hold on tight as we uncover more announcements with the rest of the roadmap in the coming weeks.",thedkingdao,2252,1,62,17,5,0,0,1,,
https://x.com/thedkingdao/status/1926048132124557709,2025-05-23T22:50:33Z,"first buyback. 100% sell tax from last 24hrs. 

more than a roadmap. a commitment.",thedkingdao,2252,1,24,4,0,0,0,1,,
https://x.com/webuildscore/status/1926139614835646785,2025-05-24T04:54:04Z,"Big brain mastering the game ğŸ§ 

A 1400-epoch training cycle, closely monitoring training and validation loss.

Our model is learning steadily and making accurate predictions not just on training data, but also on new, unseen examples. ğŸ”½",webuildscore,4667,611,25,4,0,0,0,0,,
https://x.com/webuildscore/status/1926345545607500074,2025-05-24T18:32:22Z,Whoâ€™s next on the radar? ğŸ“¡,webuildscore,4667,611,23,2,0,0,0,1,,
https://x.com/webuildscore/status/1924497069558894927,2025-05-19T16:07:11Z,"Community Scout â€“ Pau CubarsÃ­

At just 18, Pau CubarsÃ­ leads LaLiga in accurate passes from his own half into the opponentâ€™s. He stays calm, plays long passes with purpose, and helps Barcelona move the ball forward with control.

BarÃ§aâ€™s next defensive maestro? ğŸ›¡ï¸",webuildscore,4667,611,17,2,2,0,0,0,,
https://x.com/thedkingdao/status/1926206671270875338,2025-05-24T09:20:32Z,"go toâ€” now accessible onğŸ“±

And get the best #bettingtips 

from a flock of the most intelligent sports ai agents on the market. 

> positive ev bets
> real odds 
> bankroll management 
> risk level 
> deep sport analysis 
> across all major leagues 

long live $dking",thedkingdao,2252,1,39,11,1,0,0,0,,
https://x.com/thedkingdao/status/1926140010186571855,2025-05-24T04:55:39Z,lock in.,thedkingdao,2252,1,19,3,0,0,0,0,,
https://x.com/webuildscore/status/1926689054453563440,2025-05-25T17:17:21Z,"Goal of the Week! âš½ï¸

In the 86th minute vs Nottingham Forest, Jarrod Bowen pulled one back for West Ham with a stunning piece of skill â€“ flicking the ball up with his left foot before smashing a volley past the keeper.

Technique, timing, and pure class on display. ğŸ”½",webuildscore,4667,611,21,2,0,0,0,0,,
https://x.com/thedkingdao/status/1926702482450686360,2025-05-25T18:10:42Z,high confidence. well done.,thedkingdao,2254,1,17,4,0,0,0,1,,
https://x.com/mxmsbt/status/1926702228007526688,2025-05-25T18:09:42Z,"went on6 mins before premier league games kick-off today and picked the high confidence bets.

result? 

arsenal, chelsea and man utd won. 

can't wait for the summer cups and next season.",mxmsbt,2586,1995,42,7,1,0,0,0,,
https://x.com/thedkingdao/status/1927144737296798173,2025-05-26T23:28:04Z,"another buyback. 

100% of the sell tax since the last tx.

swap:lp:onwards.",thedkingdao,2254,1,24,4,1,0,0,0,,
https://x.com/webuildscore/status/1927425569937064244,2025-05-27T18:04:00Z,"High Risk, High Reward ğŸ†

Bayern conceded more goals than any other title winner in Europeâ€™s Top 5 leagues (1.94 per 90) - but their attacking firepower was relentless, creating more than 14 chances per game.",webuildscore,4667,611,7,0,0,0,0,0,,
https://x.com/webuildscore/status/1927353911834190057,2025-05-27T13:19:15Z,"Community Scout - Nwaneri &amp; Endrick

Nwaneri stands out for his confidence on the ball, always looking to take on defenders and open up space. Endrick plays with more focus around the box, making his chances count when it matters most.

Whoâ€™s your choice?  ğŸ”½",webuildscore,4667,611,7,1,0,0,0,0,,
https://x.com/webuildscore/status/1927400023119065346,2025-05-27T16:22:29Z,ğŸ•µï¸â€â™‚ï¸ğŸ”,webuildscore,4667,611,26,1,0,0,0,1,,
https://x.com/thedkingdao/status/1927440749596942715,2025-05-27T19:04:19Z,"ğŸ“• Prompting Guide #1 - Get Game-Level Insights

Want smart analysis before placing a bet? Try prompts like:

â€œProvide detailed insights into the upcoming match between [Team A] and [Team B]. Include recent trends and any betting edges.â€

See the reply below ğŸ”½",thedkingdao,2254,1,22,5,0,0,0,0,,
https://x.com/thedkingdao/status/1927440756920238295,2025-05-27T19:04:21Z,"Detailed Insights: Real Betis vs. Chelsea (May 28, 2025)

ğŸ“… Date/Time: 2025-05-28 @ 19:00
ğŸ“ Venue: TarczyÅ„ski Arena

This is shaping up to be an intriguing encounter between Real Betis and Chelsea.

Outcome Probabilities

1. Team to Score First:
- Real Betis: 54.46%
- Chelsea: 39.90%
- No goals (draw): 5.64%
2. Half-Time/Full-Time Outcomes:
- Betis leading at both: 31.78%
- Draw at half-time, Betis win full-time: 16.24%
- Chelsea leading both halves: 14.33%
- Draw-draw: 14.12%

Goal Expectations

- Over 1.5 Goals: 78.09%
- Over 2.5 Goals: 55.18%
- Betis Over 1.5 Goals: 46.46%

This data signals a high likelihood for an open, attacking game, likely to see at least 2+ goals.

Key Betting Opportunities

1. Home Win (Real Betis)

- Odds: 4.64 (Pinnacle)
- Model Probability: 46.3%
- Expected Value (EV): +114.74% ğŸš€
- Why? Real Betis has a significant edge, with odds underestimating their chances, providing exceptional betting value.

2. Over 1.5 Goals:

- Odds: 1.81 (Unibet)
- Model Probability: 78.09%
- Expected Value (EV): +4.27%
- A smaller yet consistent value. The game's attacking profile supports this bet.

Form and Potential Factors

- Real Betis Recent Form: Solid home performances with noticeable attacking strengths.

- Chelsea's Challenge: Likely to depend on defensive robustness but could struggle to contain Betisâ€™ intensity.

Recommendations
ğŸ¯ Top Pick: Back Real Betis to win at 4.64 odds (High Priority). Exceptional value with significant positive EV.

ğŸ’¡ Supplementary Bet: Over 1.5 Goals at 1.81. Good choice for more cautious bettors.

Final Note
Monitor team announcements and market odds leading up to the match. Large discrepancies, especially on Betis' win odds, hint at possible market inefficiencies. This could be rectified closer to kickoff, so act early if convinced by Betis' edge.",thedkingdao,2254,1,5,0,0,1,0,0,1882543910888632320,thedkingdao
https://x.com/webuildscore/status/1927729030792384655,2025-05-28T14:09:51Z,"Score's Subnet as a Service - The Optic Nerve for AI ğŸ‘ï¸

In our latest article, we break down how Scoreâ€™s Subnet (SN44) as a Service turns raw video into structured data - fast, scalable, and decentralised.

Turning vision into insight.

$TAO

Read more ğŸ”½",webuildscore,4667,611,49,10,3,0,0,1,,
https://x.com/webuildscore/status/1927779402861138300,2025-05-28T17:30:00Z,"UECL Final: Real Betis vs Chelsea

At Betis, Antony looks closer to his Ajax best - more confident, more creative, and more dangerous in front of goal.

The numbers speak for themselves. Now it's time to show it on the big stage. ğŸ†",webuildscore,4667,611,10,1,0,0,0,0,,
https://x.com/thedkingdao/status/1927698884756697309,2025-05-28T12:10:03Z,"DKING Roadmap Part 1 Recap âš¡ï¸

Last week, we dropped Part 1 of our Summer 2025 roadmap. DKING is gearing up for an explosive 2025-2026 season.

New tokenomics, LLM upgrades, and more.

Letâ€™s break it down ğŸ”½ ğŸ§µ",thedkingdao,2254,1,21,7,0,0,0,0,,
https://x.com/thedkingdao/status/1927783986048196917,2025-05-28T17:48:13Z,"UECL Final: Real Betis vs Chelsea

Real Betis to win is currently priced at 4.45 by Marathonbet, with an implied probability of 46.2% and a +EV of +105.5%. 

The selection is supported by favourable scoring trends and a statistical edge, making it one of the highest-value options ahead of the final. ğŸ¯",thedkingdao,2254,1,13,2,2,0,0,0,,
https://x.com/thedkingdao/status/1927698897419297120,2025-05-28T12:10:06Z,"Tokenomics Upgrade ğŸ’¥

âœ… New Agentic Wager revenue tax
Flows back to $DKING buybacks & staking rewards

âœ… OG NFT Holders + Large Holders receive lowest tax
Rewarding $DKING's most loyal citizens

âœ… Vault lock-up bonuses
Up to 365 days lock-up for boosted APY",thedkingdao,2254,1,9,3,0,1,0,0,1882543910888632320,thedkingdao
https://x.com/thedkingdao/status/1927698890398040248,2025-05-28T12:10:05Z,"DKING Buybacks & Burns ARE LIVE! ğŸ”¥

A portion of the sell tax now continuously buys back & burns $DKING AND strengthens the DKING/ETH LP. The deflationary wheels are in motion.

âœ…Buyback 1âœ…Buyback 2",thedkingdao,2254,1,8,1,0,1,0,0,1882543910888632320,thedkingdao
https://x.com/thedkingdao/status/1927698904054677703,2025-05-28T12:10:08Z,"Improved LLM & Free Summer Access

DKING Terminal is free all summer. Get 10 Pro queries per day (unlimited for OG NFT holders).

Your feedback helps us improve the LLM: Better UX, betting strategies, and more. Drop your feedback in our Discord terminal-feedback channel.",thedkingdao,2254,1,4,0,0,1,0,0,1882543910888632320,thedkingdao
https://x.com/thedkingdao/status/1927698910937530781,2025-05-28T12:10:09Z,"DKING Mobile App is LIVE!

Access elite betting insights anytime, anywhere.

Visitand never miss an edge again.",thedkingdao,2254,1,4,0,0,1,0,0,1882543910888632320,thedkingdao
https://x.com/thedkingdao/status/1927698916167778621,2025-05-28T12:10:11Z,"What's next? Weâ€™re just getting started.

More groundbreaking updates & partnerships are coming for a breakout 2025-26 season.

The next roadmap update drops this week. 

Don't just watch, join the DKING revolution.",thedkingdao,2254,1,9,0,0,1,0,0,1882543910888632320,thedkingdao
https://x.com/webuildscore/status/1928113273724891168,2025-05-29T15:36:41Z,"No players missed more big chances in Ligue 1 this season than the five shown below. 

Finding space and getting opportunities is only half the job, converting them is what makes the difference. ğŸ”½",webuildscore,4667,611,18,2,0,0,0,0,,
https://x.com/thedkingdao/status/1927746293415243802,2025-05-28T15:18:26Z,would you bet against the ğŸ?,thedkingdao,2254,1,8,0,1,0,0,0,,
https://x.com/thedkingdao/status/1928061227114090608,2025-05-29T12:09:52Z,"DKINGâ€™s Picks - UECL: Real Betis vs Chelsea

DKINGâ€™s Top 10 Medium Risk Profile picks (Probability > 20%) returned a 46.25% profit. The best return came from â€œOver 3.5 Goalsâ€ at 2.75 odds.

Did you follow DKINGâ€™s recommendations? ğŸ‘€",thedkingdao,2254,1,23,5,1,0,0,0,,
https://x.com/webuildscore/status/1928389387298979963,2025-05-30T09:53:52Z,"What actually happens on Scoreâ€™s Bittensor SN44? ğŸ§

Our CTO, @tm0klc, explained it without the tech jargon on @opentensorâ€™s Novelty Search podcast.

$TAO

Watch the full convo below ğŸ”½",webuildscore,4667,611,53,10,2,0,0,0,,
https://x.com/webuildscore/status/1928531512296612058,2025-05-30T19:18:37Z,"Florian Wirtz to Liverpool is nearly done ğŸ”´

Top 2% of attacking mids in Europe for progressive passes &amp; shot-creating actions per 90. His versatility and intelligence make him an ideal fit for Arne Slotâ€™s fluid, attacking system.",webuildscore,4667,611,9,2,0,0,0,0,,
https://x.com/thedkingdao/status/1928403268708790286,2025-05-30T10:49:01Z,"DKING Roadmap - Milestone 4 ğŸ”¥

Proving the $DKING edge with data.

Weâ€™ll soon be launching transparent benchmarks to show DKINGâ€™s real performance and give bettors the tools to win smarter.

Read more ğŸ”½",thedkingdao,2254,1,21,4,0,0,0,1,,
https://x.com/thedkingdao/status/1928383979209490878,2025-05-30T09:32:22Z,"$100 in $DKING up for grabs! ğŸ’°

Join our UCL Final Community Contest â¤µï¸

1ï¸âƒ£ Like &amp; RT this post
2ï¸âƒ£ Ask the terminal for Inter vs PSG bets
3ï¸âƒ£ Pick one &amp; post a screenshot in the comments

Best pick wins. Letâ€™s see whoâ€™s got the edge ğŸ˜",thedkingdao,2254,1,30,16,2,0,0,0,,
https://x.com/webuildscore/status/1928802341710606555,2025-05-31T13:14:48Z,"Emiliano BuendÃ­a ğŸ‡¦ğŸ‡·

ğŸ“ Getafe â¡ï¸ Norwich City (2018)
Transfer: ~â‚¬1.2M
Current MV: ~â‚¬18M

His assist numbers at Getafe were low, but Norwich spotted elite xA per 90 in Spainâ€™s second tier. A cheap signing who became their main creator.",webuildscore,4667,611,2,0,0,1,0,0,1816264150755979264,webuildscore
https://x.com/webuildscore/status/1928802345925636218,2025-05-31T13:14:49Z,"Pascal GroÃŸ ğŸ‡©ğŸ‡ª

ğŸ“ Ingolstadt â¡ï¸ Brighton (2017)
Transfer: ~â‚¬3M
Current MV: ~â‚¬7M

Despite Ingolstadtâ€™s relegation, GroÃŸ led the Bundesliga in xA. Brighton saw the potential and signed a player whoâ€™s been key ever since.",webuildscore,4667,611,1,0,0,1,0,0,1816264150755979264,webuildscore
https://x.com/webuildscore/status/1928802357380251689,2025-05-31T13:14:52Z,"Martin Ã˜degaard ğŸ‡³ğŸ‡´

ğŸ“ Real Madrid â¡ï¸ Arsenal (2021)
Transfer: â‚¬35M
Current MV: ~â‚¬100M

On loan at Real Sociedad, Ã˜degaard posted elite xA and shot-creating numbers. Arsenal took notice - and landed their midfield leader.",webuildscore,4667,611,1,0,0,1,0,0,1816264150755979264,webuildscore
https://x.com/webuildscore/status/1928802349667012902,2025-05-31T13:14:50Z,"SaÃ¯d Benrahma ğŸ‡©ğŸ‡¿

ğŸ“ OGC Nice â¡ï¸ Brentford (2018)
Transfer: â‚¬1.7M
Current MV: ~â‚¬15M

Benrahma didnâ€™t shine at Nice, but Brentfordâ€™s data team flagged his xA in Ligue 2. It paid off - he became one of their standout signings.",webuildscore,4667,611,1,0,0,1,0,0,1816264150755979264,webuildscore
https://x.com/webuildscore/status/1928802335825744378,2025-05-31T13:14:46Z,"Winning Metrics: xA in Scouting

Traditional metrics like goals, assists and even xG only tell part of the story.

Many players consistently create high-quality chances, but go unnoticed by scouts if teammates fail to finish them.

Thatâ€™s where xA comes in. ğŸ”½
[1/8] ğŸ§µ",webuildscore,4667,611,37,7,3,0,0,0,,
https://x.com/webuildscore/status/1928866566545842676,2025-05-31T17:30:00Z,"UCL Final: PSG vs Inter

Inter plays with a low block and a packed midfield, while PSGâ€™s front three stay high and move freely. Dumfries pushes forward, but the space behind him could be a weak spot.

Itâ€™s structure vs creativity.

Who's bringing the trophy home? ğŸ†",webuildscore,4667,611,27,3,2,0,0,0,,
https://x.com/webuildscore/status/1928802353638990312,2025-05-31T13:14:51Z,"Raphinha ğŸ‡§ğŸ‡·

ğŸ“ Rennes â¡ï¸ Leeds (2020) - â‚¬18.6M
ğŸ“ Leeds â¡ï¸ Barcelona (2022) - â‚¬58M
Current MV: ~â‚¬80M

His assist tally was modest in France, but xA told another story. Leeds saw it early - the rest is history.",webuildscore,4667,611,0,0,0,1,0,0,1816264150755979264,webuildscore
https://x.com/webuildscore/status/1928802361008410882,2025-05-31T13:14:52Z,"xA doesnâ€™t just surface talent - it surfaces context.

It shows whoâ€™s creating but going unnoticed. Who fits a system. Whoâ€™s delivering the right passes, even when teammates donâ€™t finish the job.

These 5 names werenâ€™t obvious at the time. xA made them visible.",webuildscore,4667,611,3,0,0,1,0,0,1816264150755979264,webuildscore
https://x.com/webuildscore/status/1928802338170409119,2025-05-31T13:14:47Z,"xA measures the likelihood that a given pass will result in a goal, regardless of whether it actually does.

Letâ€™s look at five players who were spotted by scouts thanks to the insights xA provided, even when the stat sheet didnâ€™t stand out.",webuildscore,4667,611,1,0,0,1,0,0,1816264150755979264,webuildscore
https://x.com/webuildscore/status/1928823057973383186,2025-05-31T14:37:07Z,ğŸ‘‹,webuildscore,4667,611,1,0,0,1,0,0,1847974798040985600,taoinsider
https://x.com/thedkingdao/status/1928861295614234712,2025-05-31T17:09:04Z,Only 2 hours left to join the UCL Final community contest  ğŸ”½âŒ›ï¸,thedkingdao,2234,1,11,1,0,0,0,1,,
https://x.com/thedkingdao/status/1928836822672482546,2025-05-31T15:31:49Z,ğŸ‘€ https://t.co/vcZuHdO65C,thedkingdao,2166,2,7,0,0,0,0,0,,
https://x.com/thedkingdao/status/1928800240292802979,2025-05-31T13:06:27Z,"Answer:ğŸ’¹ Proposed Same-Game Parlay

Base Leg: Double Chance (Draw or Inter to Win)

Odds: 1.87 (bet365)
Implied Probability: 53.48%
Rationale: This introduces a safe market under your requested condition, leveraging the tight match probabilities (Draw: 23.53%, Inter Win: 28.64%) for a total of 52.17% modeled probability, comparing favorably to bookmaker evaluation.

Correlated Leg: Over 2.5 Goals

Odds: 2.10 (10Bet)
Implied Probability: 47.62%
Model Probability: 60.66%
Expected Value: +7.84% âœ…
Rationale: Goals are expected to flow in this high-tempo final, with Inter employing a counter-attacking style and PSGâ€™s offense pushing for a decisive result.

ğŸ“Š SGP Breakdown

Combined Odds: Approximately 3.93

Statistical Correlation: Matches with high goal expectations often involve an underdogâ€™s push for offensive results, supporting the Draw/Inter scenario while maintaining synergy with Over 2.5 Goals.

Risk Control: Both legs are statistically well-aligned and avoid overlap risk.

ğŸ“Œ Optional Third Leg (Increased Payout)

Leg: Over 6 Corners

Odds: 1.30 (Widely Available)
Implied Probability: 76.92%
Model Probability: 78.27%
Rationale: High-paced finals often result in multiple set pieces (corners). Adding this leg increases the parlayâ€™s payout while keeping risk moderate.

Revised Combined Odds: 5.12",thedkingdao,2167,2,1,0,0,1,0,0,1882543910888632320,thedkingdao
https://x.com/thedkingdao/status/1928800234060062790,2025-05-31T13:06:25Z,"ğŸ“• Prompting Guide #2 - Same-Game Parlay

Want to place a riskier, high-reward bet on the UCL Final? Try prompts like:

â€œBuild a same-game parlay for [PSGÂ  vs. Inter] with 2 +EV legs or more. Prioritize statistical correlation and low overlap risk.""

See the reply below ğŸ”½ https://t.co/Q0J0yixZFG",thedkingdao,2234,1,13,4,0,0,0,0,,
https://x.com/webuildscore/status/1929220145160863982,2025-06-01T16:55:00Z,"This season's top xG overachievers ğŸ’¥

Patrik Schick scored 21 goals this season with just 13.81 xG - thatâ€™s 7.19 more than expected ğŸ‘€

Finishing masterclass or just pure luck?",@webuildscore,4667,611,20,3,0,0,0,0,,
https://x.com/webuildscore/status/1929188507282440682,2025-06-01T14:49:17Z,"Thatâ€™s an interesting take. Funny how that â€˜oldschoolâ€™ thinking still holds up today, and now itâ€™s backed by data too. Thanks for sharing this gem!",@webuildscore,4667,611,0,0,0,1,0,0,964905861436108800,cryptohappyguy
https://x.com/webuildscore/status/1929153305327931726,2025-06-01T12:29:24Z,"Danger doesnâ€™t start with the shot - it starts with progression.

In our latest article, we break down xThreat: a stat that tracks how teams move the ball into dangerous areas and what it reveals about buildup play, tactics, and overlooked creators.

Read more ğŸ”½",@webuildscore,4667,611,21,4,1,0,0,1,,
https://x.com/thedkingdao/status/1929161760415842699,2025-06-01T13:03:00Z,"$DKING Picks - UCL Final: PSG vs Inter

DKINGâ€™s Top 10 Medium Risk Profile picks (Probability &gt; 20%) returned a 55.11% profit. The best return came from â€œPSG Handicap -1â€ at 4.00 odds.

Value. Delivered. Again. âœ…",thedkingdao,2254,1,21,6,1,0,0,0,,
https://x.com/thedkingdao/status/1929244303848771977,2025-06-01T18:31:00Z,"What is a banker? ğŸ¤”

A banker is a bet on a strong favourite, often seen as the safest pick in a combo or accumulator.

Do you stick with bankers or chase bigger odds? ğŸ°",thedkingdao,2254,1,18,2,0,0,0,0,,
https://x.com/thedkingdao/status/1929086283697082649,2025-06-01T08:03:05Z,"Faded DKING or followed the data? ğŸ˜

If you followed DKINGâ€™s prediction, you secured a 150% return from one of the finalâ€™s best value bets. ğŸ”½",thedkingdao,2254,1,31,5,0,0,0,1,,
https://x.com/thedkingdao/status/1928754988781543480,2025-05-31T10:06:38Z,"UCL Final: PSG vs Inter

PSG to win is priced at 2.5 on @Gamblr_io, with a 47.83% probability and a +EV of +19.58% (fair odds: 2.09).

Strong pick based on squad depth and attacking stats - one of the best value plays before the final ğŸ¯

Bookmaker:",thedkingdao,2254,1,21,4,4,0,0,0,,
https://x.com/webuildscore/status/1929628489231356079,2025-06-02T19:57:37Z,"Play of the Week ğŸ’¥

In the UCL Final vs Inter, PSG scored a brilliant team goal. It started near their own box, went through 5 players, and ended with a calm finish from DÃ©sirÃ© DouÃ©.  

Simple, quick, and effective football. ğŸ”½",webuildscore,4667,611,11,1,1,0,0,0,,
https://x.com/webuildscore/status/1929490576333758493,2025-06-02T10:49:36Z,"Video is the new interface and Score is teaching machines to see. 

Score Subnet as a Service turns it into actionable knowledge; fast, open &amp; ethical.

Read more ğŸ”½",webuildscore,4667,611,5,1,0,1,0,1,1816264150755979264,webuildscore
https://x.com/webuildscore/status/1929594004183658801,2025-06-02T17:40:35Z,"Guess the player ğŸ‘€

One of the most dangerous right wingers in Europe this season. A constant threat every time he touches the ball. 

Who do you think it is? ğŸ¤”",webuildscore,4667,611,12,2,0,0,0,0,,
https://x.com/webuildscore/status/1929490569799102577,2025-06-02T10:49:34Z,"Next up: cricket. With ex-England star Nick Compton onboard, Score brings split-second analytics to the crease, then to any domain via upcoming â€œsub-subnetsâ€ for micro-nets.",webuildscore,4667,611,1,0,0,1,0,0,1816264150755979264,webuildscore
https://x.com/webuildscore/status/1929490564459778128,2025-06-02T10:49:33Z,"Beyond football, any camera becomes a sensor:
 ğŸš™ AVs &amp; robots - annotate lanes, obstacles, pedestrians
 ğŸ¥ Medical imaging &amp; surgery
 ğŸ›’ Retail &amp; security analytics
 ğŸ“º Live broadcast overlays

 All in seconds, at a fraction of the cost.",webuildscore,4667,611,1,0,0,1,0,0,1816264150755979264,webuildscore
https://x.com/webuildscore/status/1929490555144187992,2025-06-02T10:49:31Z,"The world is drowning in video, from sports to surgery, but machines still canâ€™t see. Old-school annotation is slow &amp; pricey. 

Enter Score â€˜Subnet as a Serviceâ€™, the optic nerve for AI that converts raw footage into real-time, structured data.

1/10 ğŸ§µğŸ”½",webuildscore,4667,611,44,14,1,0,0,0,,
https://x.com/webuildscore/status/1929490566863065243,2025-06-02T10:49:33Z,"Real-time annotation is the breakthrough. Subnet 44 is fast enough for live coaching insights, in-play betting &amp; dynamic overlays. 

Soon the same for other verticals like robots &amp; healthcare devices that must react to now, not yesterday.",webuildscore,4667,611,1,0,0,1,0,0,1816264150755979264,webuildscore
https://x.com/webuildscore/status/1929490574391849083,2025-06-02T10:49:35Z,"The long-term vision: a universal value function that scores any motion on video, whether a strikerâ€™s pass or a droneâ€™s flight, laying foundations for real-world AGI.",webuildscore,4667,611,2,1,0,1,0,0,1816264150755979264,webuildscore
https://x.com/webuildscore/status/1929490559527256135,2025-06-02T10:49:32Z,"That engine is now plug-and-play. Upload video â†’ get clean JSON. 

No labeling army, no GPU farm, just a decentralised network paid strictly for performance.",webuildscore,4667,611,1,0,0,1,0,0,1816264150755979264,webuildscore
https://x.com/webuildscore/status/1929490572625998129,2025-06-02T10:49:35Z,"No crypto hurdle: fiat payments are coming. Upload â†’ pay â†’ receive structured insight. Decentralisation under the hood, seamless UX on top.",webuildscore,4667,611,2,0,0,1,0,0,1816264150755979264,webuildscore
https://x.com/webuildscore/status/1929490557568446559,2025-06-02T10:49:31Z,"Score began on the football pitch. Its Bittensor Subnet 44 chops matches into 30-sec clips and leverages AI miners to tag players, ball &amp; keypoints. 

One clip done in 2 sâ€”&gt; 1,000Ã— faster than humans and conventional methods, with zero bespoke hardware.",webuildscore,4667,611,2,0,0,1,0,0,1816264150755979264,webuildscore
https://x.com/webuildscore/status/1929490561389523236,2025-06-02T10:49:32Z,"Why it works: distributed compute on #Bittensor  incentives for accuracy -&gt; every labeled frame improves the whole net, compounding speed and precision.",webuildscore,4667,611,1,0,0,1,0,0,1816264150755979264,webuildscore
https://x.com/thedkingdao/status/1929554546184868232,2025-06-02T15:03:47Z,"Congrats to @Incenzee for picking the winning bet in our UCL Final contest! ğŸ†

Please send us a DM on X or open a ticket on Discord to claim your reward ğŸ¤",thedkingdao,2254,1,7,1,1,0,0,1,,
https://x.com/Incenzee/status/1928476622023274961,2025-05-30T15:40:30Z,PSG v Inter Milan gonna be super exciting. Gonna be going for @thedkingdao +EV recommendation of PSG.,Incenzee,538,651,3,1,1,1,0,0,1882543910888632320,thedkingdao
https://x.com/thedkingdao/status/1929488515483463687,2025-06-02T10:41:24Z,Whatâ€™s your favorite strategy withğŸ‘€,thedkingdao,2254,1,2,0,0,0,0,0,,
https://x.com/thedkingdao/status/1929546662206218369,2025-06-02T14:32:28Z,"$DKING Update - UEFA Nations League Now Live ğŸ‡ªğŸ‡º

You can now get data-backed picks for UEFA Nations League directly onWhat are your picks for the upcoming games? ğŸ‘€",thedkingdao,2254,1,17,2,0,0,0,0,,
https://x.com/webuildscore/status/1929886536708829545,2025-06-03T13:03:00Z,"Viktor GyÃ¶keres to Arsenal? ğŸ§

Compared to Kai Havertz, GyÃ¶keres is dominating nearly every key stat this season - more goals, higher xG, more touches in the box, and more shots on target.

But would his performance in Portugal translate to the Premier League?",webuildscore,4667,611,10,1,0,0,0,0,,
https://x.com/webuildscore/status/1929855666937626733,2025-06-03T11:00:20Z,"Goal Machine Mode ğŸ¤–

Out of all Top 5 league champions, PSG were the most lethal going forward - scoring nearly 3 goals per 90 and creating close to 15 chances per match.

No team matched their attacking output this season. ğŸ”½",webuildscore,4667,611,10,1,0,0,0,0,,
https://x.com/webuildscore/status/1929916195219599589,2025-06-03T15:00:51Z,"Weâ€™re heading to @proofoftalk ğŸ‡«ğŸ‡·

Score has been selected as a finalist for Proof of Pitch at @proofoftalk!

See you on stage June 10-11 ğŸ˜",webuildscore,4667,611,75,9,0,0,0,1,,
https://x.com/proofoftalk/status/1929878304544506178,2025-06-03T12:30:17Z,"ğŸš¨ Proof of Pitch Finalists Announced ğŸš¨

Over 400 startups applied. 17 bold projects made the cut. Now, they will prepare to pitch at the Louvre.

On June 10â€“11, during Proof of Talk, the most visionary founders in DePIN, DeFi & Tokenization, Decentralized AI, and Bittensor subnets will take the stage for Proof of Pitch, judged by leading investors from @HaunVentures, @dragonfly_xyz, @TheSpartanGroup, and 13 more top-tier firms/investors.

Meet the finalists:

DePIN & Infra
â¡ï¸Combinder â€“ @combinderio 
â¡ï¸Roam Network â€“ @roam_network 
â¡ï¸Nodeops â€“ @NodeOpsHQ
â¡ï¸Charge â€“ @charge_xyz 

DeFi & Tokenization
â¡ï¸Formless â€“ @formless_xyz 
â¡ï¸Entravel â€“ @entravelhotels 
â¡ï¸Accountable â€“ @AccountableData 
â¡ï¸Torram â€“ @Torram_xyz 

Decentralized AI
â¡ï¸Newcoin â€“ @newcoin_nco 
â¡ï¸Score â€“ @webuildscore 
â¡ï¸Aloha Protocol â€“ @AlohaProtocol 
â¡ï¸Litheum â€“ @LitheumOfficial 

Bittensor Subnets
â¡ï¸Genomes â€“ @GenomesDAO 
â¡ï¸NRN â€“ @NRNAgents 
â¡ï¸Synth â€“ by @SynthdataCo
â¡ï¸Newcoin (dual track) â€“ @newcoin_nco
â¡ï¸Xtend - @XtendAI_

Each of these teams will pitch live in front of a jury of world-class investors and ecosystem leaders.

To every founder who applied, thank you. The quality, ambition, and energy from this yearâ€™s applicants were exceptional. You made this selection incredibly competitive, and your vision continues to inspire us.

This isnâ€™t a demo day.
This is the Louvre.
This is where the future gets decided.

Join us:Powered byHosted at Proof of Talk | June 10â€“11, Paris

#ProofOfPitch #ProofOfTalk #Web3 #AI #DePIN",proofoftalk,5996,538,100,23,21,0,0,0,,
https://x.com/thedkingdao/status/1929886536520347697,2025-06-03T13:03:00Z,"Predict &amp; Win $100 in $DKING! ğŸ¯

Join our Nations League Community Contest â¤µï¸

1ï¸âƒ£ Like &amp; RT this post
2ï¸âƒ£ Comment your predictions for both semi-final winners and the final winner

First correct guess takes the prize. Who's your pick? ğŸ§ ",thedkingdao,2254,1,35,15,1,0,0,0,,
https://x.com/thedkingdao/status/1929919238338130188,2025-06-03T15:12:57Z,"ğŸ“• #3 Prompting Guide - Create a List of All Available Games

Want to see all the games DKING is tracking this week? Use this prompt:

â€œList all of this week's [League] games currently being tracked by DKING with available odds and value indicators.â€

See the reply below ğŸ”½",thedkingdao,2254,1,8,2,0,0,0,0,,
https://x.com/thedkingdao/status/1929919242184315158,2025-06-03T15:12:58Z,"Answer:

Germany vs Portugal

Date & Time: June 4, 2025, 19:00 UTC (Allianz Arena)

Odds Highlights:

1X2 Market:
Germany: 1.85 (bet365, 54% implied probability)
Draw: 3.74 (bet365, 27.8% implied probability)
Portugal: 4.10 (bet365, 24.4% implied probability)

Both Teams to Score:
Yes: 1.67 (10Bet, 60.0% implied probability)
No: 2.15 (10Bet, 46.5% implied probability)

Value Betting Summary:

Significant EV opportunity:
Both Teams to Score - No at 10Bet (Odds: 2.15; Fair Odds: 1.61; EV: +33.51%)

Moderate EV:
Draw at bet365 (Odds: 3.74; EV: +11.83%)

Spain vs France

Date & Time: June 5, 2025, 19:00 UTC (MHPArena)

Odds Highlights: (Unavailable in database as of now)

Value Betting Summary:
No Positive EV Bets Identified.

Analysis to Monitor:
Both Teams to Score (62% probability estimated; monitor odds closer to 1.61).
Over 1.5 Goals (62% probability; consider odds above 1.50).

General Observations:

EV Bets: Only two positive EV bets were identified, both in the Germany vs Portugal match:
Best Value Bet: Both Teams to Score - No (+33.51% EV)
Moderate Value Bet: Draw (+11.83% EV)

Unavailable Odds: For Spain vs France, odds data is missing as of now. Monitor closer to matchday for updates.",thedkingdao,2254,1,3,0,0,1,0,0,1882543910888632320,thedkingdao
https://x.com/thedkingdao/status/1929840511797342268,2025-06-03T10:00:07Z,how do you mentally recover from this? ğŸ’€,thedkingdao,2254,1,9,0,0,0,0,0,,
https://x.com/webuildscore/status/1930314254319501811,2025-06-04T17:22:36Z,"UEFA Nations League Semi-Finalists ğŸ‡ªğŸ‡º ğŸ”½

ğŸ‡µğŸ‡¹ Portugal
Portugal is clinical in both boxes â€“ 2.83 goals scored and just 1.5 conceded per 90.

They dominate the midfield too: 10.62 tackles and 41.62 ball recoveries per match. A well-balanced, efficient side.",webuildscore,4667,611,19,2,0,0,0,0,,
https://x.com/webuildscore/status/1930333905686548774,2025-06-04T18:40:41Z,"Nations League Semi-Final: Portugal vs Germany

Kimmich and Bruno Fernandes are the creative hubs of their teams. Kimmich has 21 chances created and 5 assists, while Bruno has 20 chances created and 2 assists. Both will play a big part today.

Whoâ€™s making it to the final? ğŸ†",webuildscore,4667,611,5,1,0,0,0,0,,
https://x.com/webuildscore/status/1930223802287325237,2025-06-04T11:23:10Z,"How PSG Evolved into a Treble-Winning Machine âš™ï¸

PSG used to rely on stars to win games. This season, they played as a team - and it worked.

We break down the tactics, data, and squad transformation behind PSGâ€™s most complete season ever.

Read more ğŸ”½",webuildscore,4667,611,21,3,1,0,0,1,,
https://x.com/webuildscore/status/1930314268630466735,2025-06-04T17:22:39Z,"ğŸ‡©ğŸ‡ª Germany

Germany focused on control and structure â€“ fewest goals conceded (1.6), strong ball recoveries (39.5), and 11.25 shots on target per 90.

With only 6.38 dribbles per 90, they relied more on shape and efficiency than individual creativity.",webuildscore,4667,611,0,0,0,1,0,0,1816264150755979264,webuildscore
https://x.com/webuildscore/status/1930314263802851808,2025-06-04T17:22:38Z,"ğŸ‡ªğŸ‡¸ Spain

Spain were the most aggressive going forward â€“ 3.29 goals per 90 and a tournament-high 12 shots on target per match.

But that attacking approach left gaps: 2.6 goals conceded per 90 and the fewest tackles of the four teams. Risk vs reward in full effect.",webuildscore,4667,611,0,0,0,1,0,0,1816264150755979264,webuildscore
https://x.com/webuildscore/status/1930314258937721158,2025-06-04T17:22:37Z,"ğŸ‡«ğŸ‡· France
France combined creativity with control â€“ creating 13.75 chances and averaging 11 shots on target per 90.

They also had the highest ball recovery rate (46.0) among the 4 sides. A team that builds pressure and thrives off winning it back fast.",webuildscore,4667,611,0,0,0,1,0,0,1816264150755979264,webuildscore
https://x.com/webuildscore/status/1930314272342519887,2025-06-04T17:22:40Z,"Each team brings a different approach â€“ from defensive structure to high-tempo attacking play.

Whoâ€™s your pick to win it all? ğŸ†",webuildscore,4667,611,1,0,0,1,0,0,1816264150755979264,webuildscore
https://x.com/thedkingdao/status/1930193992370581582,2025-06-04T09:24:43Z,Whoâ€™s winning the UEFA Nations League? ğŸ†,thedkingdao,2254,1,7,2,0,0,0,0,,
https://x.com/webuildscore/status/1930571172124504404,2025-06-05T10:23:30Z,Want to dive in deeper into xThreat? Read the full article here:,webuildscore,4677,612,0,0,0,1,0,1,1816264150755979264,webuildscore
https://x.com/webuildscore/status/1930571154474815509,2025-06-05T10:23:26Z,"Winning Metrics #04: xThreat

Not every pass is equal. Some moves create chaos before the shot ever happens.

We break down xThreat (Expected Threat) - the stat that measures how teams create danger before the assist.

Letâ€™s explore the art of progression ğŸ”½
1/9ğŸ§µ",webuildscore,4677,612,17,0,0,0,0,0,,
https://x.com/webuildscore/status/1930571164708983172,2025-06-05T10:23:28Z,"Itâ€™s the stat that spots the pre-assisters and pattern disruptors:

 âš¡ï¸Doku â€“ elite dribble-driven xT
 ğŸ¯TAA â€“ line-splitting passer
 âš™ï¸Rodri â€“ the silent tempo-setter
 ğŸ”Ãngelino â€“ overlap machine
 ğŸ§ De Bruyne â€“ architect before the assist",webuildscore,4677,612,0,0,0,1,0,0,1816264150755979264,webuildscore
https://x.com/webuildscore/status/1930571159289954800,2025-06-05T10:23:27Z,"ğŸ” How xT works:

Imagine the pitch as a probability heatmap.
Each zone is assigned a goal likelihood.

A pass from zone A to zone B adds xThreat if B is more dangerous than A.

â¡ï¸ 0.01 to 0.07? That move added 0.06 xT.",webuildscore,4677,612,0,0,0,1,0,0,1816264150755979264,webuildscore
https://x.com/webuildscore/status/1930571156869808322,2025-06-05T10:23:26Z,"xG tells you who finishes.
xA tells you who assists.
But xThreat?

It tells you who moves the game forward - before the final pass is even made.

Itâ€™s how a dribble, carry, or vertical pass shifts the pitch in your favour.",webuildscore,4677,612,0,0,0,1,0,0,1816264150755979264,webuildscore
https://x.com/webuildscore/status/1930571170488721747,2025-06-05T10:23:29Z,"Still, xT completes the attacking trinity:

xG = finish
xA = final pass
xT = the storm before the strike

Use it to find the players who start the fire, not just those who fan the flames. ğŸ”¥",webuildscore,4677,612,0,0,0,1,0,0,1816264150755979264,webuildscore
https://x.com/webuildscore/status/1930571167204561347,2025-06-05T10:23:29Z,"Hereâ€™s why teams love xT:

- Maps where danger starts
- Highlights tactical launch zones
- Reveals buildup fingerprints
- Helps analysts and scouts see the system behind the stats",webuildscore,4677,612,0,0,0,1,0,0,1816264150755979264,webuildscore
https://x.com/webuildscore/status/1930571168844501006,2025-06-05T10:23:29Z,"âš ï¸ But xT isnâ€™t perfect.

 It doesnâ€™t see:
 â€“ Off-ball runs
 â€“ Positional rotations
 â€“ What happens after the ball hits a danger zone

And it rewards completed actions, even sloppy ones.

Use it with context.",webuildscore,4677,612,0,0,0,1,0,0,1816264150755979264,webuildscore
https://x.com/webuildscore/status/1930571162049814873,2025-06-05T10:23:27Z,"xT captures impact before the highlight.

Think:
- Rodri threading a vertical ball
- VinÃ­cius breaking lines off the dribble
- Doku dragging defenders with chaos runs

Even without a shot or assist, threat was created.",webuildscore,4677,612,0,0,0,1,0,0,1816264150755979264,webuildscore
https://x.com/thedkingdao/status/1930565988484837565,2025-06-05T10:02:54Z,"Are you tired of winning? ğŸ‘€

If you followed DKINGâ€™s prediction for Portugal vs Germany, you locked in a massive 290% return ğŸ”½

$DKING",thedkingdao,2251,1,27,8,0,0,0,1,,
https://x.com/thedkingdao/status/1930267783532585133,2025-06-04T14:17:56Z,"UEFA Nations League SF: Germany vs Portugal ğŸ‡©ğŸ‡ªğŸ‡µğŸ‡¹

Portugal to win is priced at 3.90 on 10Bet, with a 30.9% probability and a +EV of +20.47% (fair odds: 3.24).

Great value for a team that knows how to win big games âš”ï¸",thedkingdao,2251,1,30,1,3,0,0,0,,
